﻿<?xml version="1.0" ?>
<falang type="contentelement">
  <name>Banners</name>
	<author>Stéphane Bouey</author>
	<copyright>www.faboba.com</copyright>
  <version>2.5.9</version>
  <description>Definition for the core banner component</description>
  <reference>
  	<table name="banners">
  		<field type="referenceid" name="id" translate="0">ID</field>
  		<field type="titletext" name="name" translate="1">Banner Name</field>
  		<field type="text" name="clickurl" translate="1">Click URL</field>
  		<field type="textarea" name="custombannercode" translate="1">Custom banner code</field>
  	</table>
  	<component>
  		<form>com_banners#banners#id#task#!edit</form>
  	</component>
   </reference>
     <translationfilters>
  	  <published>published</published>
  </translationfilters> 
</falang>